{"home"=>"/", "__category__mice"=>"/category/mice/", "__category__news"=>"/category/news/", "__category__keyboards"=>"/category/keyboards/", "__category__reviews"=>"/category/reviews/", "__category__top10"=>"/category/top10/", "__category__headsets"=>"/category/headsets/", "__2014__02__cm-storm-trigger-z-unboxing"=>"/2014/02/cm-storm-trigger-z-unboxing/", "__contact-us-2"=>"/contact-us-2/", "__2013__09__cm-storm-pulse-r-headset-unboxing"=>"/2013/09/cm-storm-pulse-r-headset-unboxing/", "__2014__01__cooler-master-launch-cm-storm-trigger-z-keyboard"=>"/2014/01/cooler-master-launch-cm-storm-trigger-z-keyboard/", "__2014__02__cm-storm-announce-alcor-mizar-mice"=>"/2014/02/cm-storm-announce-alcor-mizar-mice/", "__2013__09__cm-storm-announces-al-series-peripherals"=>"/2013/09/cm-storm-announces-al-series-peripherals/", "__2013__08__corsair-release-raptor-k30-keyboard"=>"/2013/08/corsair-release-raptor-k30-keyboard/", "__category__youtube"=>"/category/youtube/", "__2013__07__cm-storm-announce-quick-fire-xt-keyboard"=>"/2013/07/cm-storm-announce-quick-fire-xt-keyboard/", "__2013__05__tt-esports-shock-headest-unboxing"=>"/2013/05/tt-esports-shock-headest-unboxing/", "__2013__05__kingston-beast-ram-unboxing"=>"/2013/05/kingston-beast-ram-unboxing/", "__2013__05__tt-esports-console-one-unboxing"=>"/2013/05/tt-esports-console-one-unboxing/", "__2013__04__cooler-master-eisberg-cooler-unboxing"=>"/2013/04/cooler-master-eisberg-cooler-unboxing/", "__2013__04__cm-storm-power-rx-pad"=>"/2013/04/cm-storm-power-rx-pad/", "__category__tips"=>"/category/tips/", "__2012__05__budget-gear-guide"=>"/2012/05/budget-gear-guide/", "__2013__03__lan-gaming-build"=>"/2013/03/lan-gaming-build/", "__2012__02__cherry-mx-switch-comparison"=>"/2012/02/cherry-mx-switch-comparison/", "__2011__10__battlefield-3-keyboard-guide"=>"/2011/10/battlefield-3-keyboard-guide/", "__2012__12__top-10-keyboard-list-christmas-edition"=>"/2012/12/top-10-keyboard-list-christmas-edition/", "__2012__12__top-10-mice-of-2012"=>"/2012/12/top-10-mice-of-2012/", "__2012__06__top-10-mouse-list-june-2"=>"/2012/06/top-10-mouse-list-june-2/", "__2012__06__top-10-keyboard-list-june"=>"/2012/06/top-10-keyboard-list-june/", "__2012__01__qpad-mk-85-keyboard-review"=>"/2012/01/qpad-mk-85-keyboard-review/", "__2011__09__mechanical-switch-guide"=>"/2011/09/mechanical-switch-guide/", "__2012__02__corsair-m60-mouse-review"=>"/2012/02/corsair-m60-mouse-review/", "__2011__07__logitec-rma-success"=>"/2011/07/logitec-rma-success/", "__2011__10__zowie-ec2-mouse-review"=>"/2011/10/zowie-ec2-mouse-review/", "__2012__01__benq-xl2420t-unboxing"=>"/2012/01/benq-xl2420t-unboxing/", "__2012__04__cm-storm-quickfire-rapid-video-review"=>"/2012/04/cm-storm-quickfire-rapid-video-review/", "__2012__11__cm-storm-quickfire-tk-review"=>"/2012/11/cm-storm-quickfire-tk-review/", "__category__comps"=>"/category/comps/", "__category__gfx"=>"/category/gfx/", "__category__teardowns"=>"/category/teardowns/", "__2012__06__tt-esports-theron-mouse-review"=>"/2012/06/tt-esports-theron-mouse-review/", "__2013__08__cm-storm-skorpion-mouse-bungee"=>"/2013/08/cm-storm-skorpion-mouse-bungee/", "__category__mice__page__2"=>"/category/mice/page/2/", "__2013__06__cm-storm-havoc-unboxing"=>"/2013/06/cm-storm-havoc-unboxing/", "__category__mice__page__3"=>"/category/mice/page/3/", "__category__mice__page__4"=>"/category/mice/page/4/", "__category__mice__page__5"=>"/category/mice/page/5/", "__category__mice__page__6"=>"/category/mice/page/6/", "__category__mice__page__16"=>"/category/mice/page/16/", "__category__news__page__2"=>"/category/news/page/2/", "__category__news__page__3"=>"/category/news/page/3/", "__category__news__page__4"=>"/category/news/page/4/", "__category__news__page__5"=>"/category/news/page/5/", "__category__news__page__6"=>"/category/news/page/6/", "__category__news__page__19"=>"/category/news/page/19/", "__2012__05__cm-storm-quickfire-rapid-review"=>"/2012/05/cm-storm-quickfire-rapid-review/", "__2012__06__tt-esports-meka-g-unit-review"=>"/2012/06/tt-esports-meka-g-unit-review/", "__category__keyboards__page__2"=>"/category/keyboards/page/2/", "__2013__09__cm-storm-mech-keyboard-unboxing"=>"/2013/09/cm-storm-mech-keyboard-unboxing/", "__category__keyboards__page__3"=>"/category/keyboards/page/3/", "__category__keyboards__page__4"=>"/category/keyboards/page/4/", "__category__keyboards__page__5"=>"/category/keyboards/page/5/", "__category__keyboards__page__6"=>"/category/keyboards/page/6/", "__category__keyboards__page__12"=>"/category/keyboards/page/12/", "__category__reviews__page__2"=>"/category/reviews/page/2/", "__category__reviews__page__3"=>"/category/reviews/page/3/", "__category__reviews__page__4"=>"/category/reviews/page/4/", "__category__reviews__page__5"=>"/category/reviews/page/5/", "__category__reviews__page__6"=>"/category/reviews/page/6/", "__category__reviews__page__19"=>"/category/reviews/page/19/", "__2013__06__steelseries-update-headset-line"=>"/2013/06/steelseries-update-headset-line/", "__category__headsets__page__2"=>"/category/headsets/page/2/", "__2013__05__tt-esports-console-headset-review"=>"/2013/05/tt-esports-console-headset-review/", "__category__headsets__page__3"=>"/category/headsets/page/3/", "__category__headsets__page__4"=>"/category/headsets/page/4/", "__2013__06__func-introduce-new-keyboard-at-computex"=>"/2013/06/func-introduce-new-keyboard-at-computex/", "__2013__04__mechanical-keyboard-expectations"=>"/2013/04/mechanical-keyboard-expectations/", "__2013__03__corsair-announce-k70-keyboard"=>"/2013/03/corsair-announce-k70-keyboard/", "__2013__02__knucker-review"=>"/2013/02/knucker-review/", "__2013__02__ducky-shine-ii-video-review"=>"/2013/02/ducky-shine-ii-video-review/", "__2013__01__ducky-shine-2-unboxing"=>"/2013/01/ducky-shine-2-unboxing/", "__2012__02__corsair-k60-unboxing"=>"/2012/02/corsair-k60-unboxing/", "__2013__01__roccat-goes-mechanical-with-ryos-keyboard-range"=>"/2013/01/roccat-goes-mechanical-with-ryos-keyboard-range/", "__2013__01__tt-esports-shock-spin-hd-headset"=>"/2013/01/tt-esports-shock-spin-hd-headset/", "__2012__11__cm-storm-quickfire-tk-unboxing"=>"/2012/11/cm-storm-quickfire-tk-unboxing/", "__2012__06__steelseries-announces-guild-wars-2-peripherals-line-up"=>"/2012/06/steelseries-announces-guild-wars-2-peripherals-line-up/", "__2012__10__cm-storm-recon-mouse-review"=>"/2012/10/cm-storm-recon-mouse-review/", "__2012__07__cm-storm-sonuz-video-review"=>"/2012/07/cm-storm-sonuz-video-review/", "__2012__07__2773"=>"/2012/07/2773/", "__2012__11__d"=>"/2012/11/d/", "__2012__12__mionix-release-naos-8200-mouse"=>"/2012/12/mionix-release-naos-8200-mouse/", "__2012__10__overclockersuk-mouse-pad-review"=>"/2012/10/overclockersuk-mouse-pad-review/", "__2012__09__roccat-update-kone-mice"=>"/2012/09/roccat-update-kone-mice/", "__2011__07__logitech-g500-review"=>"/2011/07/logitech-g500-review/", "__2011__09__zowie-ec2-blue-coming-soon"=>"/2011/09/zowie-ec2-blue-coming-soon/", "__2012__05__cm-storm-sentinel-advance-2-unboxing"=>"/2012/05/cm-storm-sentinel-advance-2-unboxing/", "__category__youtube__page__2"=>"/category/youtube/page/2/", "__category__youtube__page__3"=>"/category/youtube/page/3/", "__category__youtube__page__4"=>"/category/youtube/page/4/", "__category__youtube__page__5"=>"/category/youtube/page/5/", "__2013__06__shogun-bros-ballista-mk-1-review"=>"/2013/06/shogun-bros-ballista-mk-1-review/", "__category__youtube__page__6"=>"/category/youtube/page/6/", "__2012__08__cm-storm-launch-ceres-400"=>"/2012/08/cm-storm-launch-ceres-400/", "__2012__05__tt-esports-meka-g-unit-keyboard-unboxing"=>"/2012/05/tt-esports-meka-g-unit-keyboard-unboxing/", "__2012__07__cm-storm-quickfire-pro-keyboard-review"=>"/2012/07/cm-storm-quickfire-pro-keyboard-review/", "__2013__03__tt-esports-shock-spin-hd-review"=>"/2013/03/tt-esports-shock-spin-hd-review/", "__2013__03__tt-esports-introduce-level-10-headsetp"=>"/2013/03/tt-esports-introduce-level-10-headsetp/", "__2013__01__tt-esports-black-gaming-mouse-unboxing"=>"/2013/01/tt-esports-black-gaming-mouse-unboxing/", "__2013__01__tt-esports-knucker-unboxing"=>"/2013/01/tt-esports-knucker-unboxing/", "__2012__10__tt-esports-level10-gaming-mouse-unboxing"=>"/2012/10/tt-esports-level10-gaming-mouse-unboxing/", "__2013__05__kingston-beast-ram-review"=>"/2013/05/kingston-beast-ram-review/", "__2012__09__tt-esports-theron-mouse-review-2"=>"/2012/09/tt-esports-theron-mouse-review-2/", "__2012__10__kingston-predator-ram-review"=>"/2012/10/kingston-predator-ram-review/", "__2012__08__corsair-dominator-platinum-unboxing"=>"/2012/08/corsair-dominator-platinum-unboxing/", "__2012__07__kingston-hyper-x"=>"/2012/07/kingston-hyper-x/", "__2012__04__cm-storm-quickffire-rapid-unboxing"=>"/2012/04/cm-storm-quickffire-rapid-unboxing/", "__2012__01__logitech-g400-review"=>"/2012/01/logitech-g400-review/", "__2013__05__cooler-master-eisberg-120-review"=>"/2013/05/cooler-master-eisberg-120-review/", "__2011__12__coolermaster-xornet-review"=>"/2011/12/coolermaster-xornet-review/", "__2012__08__lan-gaming-cases"=>"/2012/08/lan-gaming-cases/", "__2012__12__func-1030-xl-unboxing"=>"/2012/12/func-1030-xl-unboxing/", "__category__tips__page__2"=>"/category/tips/page/2/", "__2012__01__logitech-g400-unboxing"=>"/2012/01/logitech-g400-unboxing/", "__2012__09__cm-storm-recon-unboxing"=>"/2012/09/cm-storm-recon-unboxing/", "__2012__08__first-day-at-insomnia-46"=>"/2012/08/first-day-at-insomnia-46/", "__2012__05__zowie-am-video-review"=>"/2012/05/zowie-am-video-review/", "__2012__08__lan-peripheral-guide"=>"/2012/08/lan-peripheral-guide/", "__2013__01__corsair-announce-k95-keyboard"=>"/2013/01/corsair-announce-k95-keyboard/", "__2012__03__cm-storm-trigger-heading-to-europe"=>"/2012/03/cm-storm-trigger-heading-to-europe/", "__2012__02__corsair-k60-review"=>"/2012/02/corsair-k60-review/", "__2012__10__logitech-delivers-g710-mechanical-keyboard"=>"/2012/10/logitech-delivers-g710-mechanical-keyboard/", "__2012__07__cm-elite-120-advanced-launched"=>"/2012/07/cm-elite-120-advanced-launched/", "__2012__06__logitech-g600-mmo-gaming-mouse"=>"/2012/06/logitech-g600-mmo-gaming-mouse/", "__2012__06__the-razer-taipan"=>"/2012/06/the-razer-taipan/", "__2012__05__battlefield-3-razer-blackshark"=>"/2012/05/battlefield-3-razer-blackshark/", "__2012__05__bitfenix-release-prodigy"=>"/2012/05/bitfenix-release-prodigy/", "__2013__01__zowie-release-the-fk"=>"/2013/01/zowie-release-the-fk/", "__2013__01__func-release-ms-3-mouse"=>"/2013/01/func-release-ms-3-mouse/", "__2012__05__r-a-t-3-gets-an-upgrade"=>"/2012/05/r-a-t-3-gets-an-upgrade/", "__2013__06__corsair-release-k65-keyboard"=>"/2013/06/corsair-release-k65-keyboard/", "__author__davey"=>"/author/davey/", "__2011__11__qpad-launch-the-mk85-m50"=>"/2011/11/qpad-launch-the-mk85-m50/", "__2013__01__corsair-about-to-release-m65"=>"/2013/01/corsair-about-to-release-m65/", "__2013__01__another-new-corsair-mouse-m95"=>"/2013/01/another-new-corsair-mouse-m95/", "__2012__09__corsair-ax750-unboxing"=>"/2012/09/corsair-ax750-unboxing/", "__2012__09__corsair-force-gs-180gb-ssd"=>"/2012/09/corsair-force-gs-180gb-ssd/", "__2012__10__tt-esports-level-10-mouse-review"=>"/2012/10/tt-esports-level-10-mouse-review/", "__2013__04__coming-soon-the-zowie-camade"=>"/2013/04/coming-soon-the-zowie-camade/", "__2013__01__zowie-am-teardown"=>"/2013/01/zowie-am-teardown/", "__2011__11__battlefield-3-mouse-guide"=>"/2011/11/battlefield-3-mouse-guide/", "__2013__06__corsair-introduce-raptor-k50-keyboard"=>"/2013/06/corsair-introduce-raptor-k50-keyboard/", "__2013__04__cooler-master-announces-v-series-high-performance-psus"=>"/2013/04/cooler-master-announces-v-series-high-performance-psus/", "__2012__05__tt-esports-announce-knucker-keyboard"=>"/2012/05/tt-esports-announce-knucker-keyboard/", "__2012__09__his-7870-iceq-review"=>"/2012/09/his-7870-iceq-review/", "__2013__06__shogun-bros-ballista-mk-1-mouse-unboxing"=>"/2013/06/shogun-bros-ballista-mk-1-mouse-unboxing/", "__category__mice__page__7"=>"/category/mice/page/7/", "__2013__03__roccat-announce-kone-pure-colour"=>"/2013/03/roccat-announce-kone-pure-colour/", "__category__mice__page__9"=>"/category/mice/page/9/", "__category__mice__page__8"=>"/category/mice/page/8/", "__2012__11__razer-ouroboros-now-available"=>"/2012/11/razer-ouroboros-now-available/", "__category__mice__page__10"=>"/category/mice/page/10/", "__2012__10__tt-esports-release-level-10-mouse"=>"/2012/10/tt-esports-release-level-10-mouse/", "__2012__10__tt-esports-level-10-mouse-review-2"=>"/2012/10/tt-esports-level-10-mouse-review-2/", "__category__mice__page__11"=>"/category/mice/page/11/", "__2011__08__boogiebugreview"=>"/2011/08/boogiebugreview/", "__2011__08__puretrakvalor"=>"/2011/08/puretrakvalor/", "__category__mice__page__15"=>"/category/mice/page/15/", "__2011__06__new-logitech-g400"=>"/2011/06/new-logitech-g400/", "__category__mice__page__12"=>"/category/mice/page/12/", "__category__mice__page__13"=>"/category/mice/page/13/", "__category__mice__page__14"=>"/category/mice/page/14/", "__category__news__page__8"=>"/category/news/page/8/", "__category__news__page__7"=>"/category/news/page/7/", "__category__news__page__9"=>"/category/news/page/9/", "__2012__12__tt-esports-update-meka-g1"=>"/2012/12/tt-esports-update-meka-g1/", "__2013__01__tt-esports-announce-new-keyboards"=>"/2013/01/tt-esports-announce-new-keyboards/", "__category__news__page__10"=>"/category/news/page/10/", "__2012__11__kingston-technology-releases-hyperx-beast"=>"/2012/11/kingston-technology-releases-hyperx-beast/", "__category__news__page__11"=>"/category/news/page/11/", "__2012__10__cm-storm-announce-quick-fire-tk-keyboard"=>"/2012/10/cm-storm-announce-quick-fire-tk-keyboard/", "__2012__10__ocuk-announce-windows-8-gaming-systems"=>"/2012/10/ocuk-announce-windows-8-gaming-systems/", "__2011__07__steelseries-rma-report"=>"/2011/07/steelseries-rma-report/", "__2011__06__new-top-10-keyboard-list"=>"/2011/06/new-top-10-keyboard-list/", "__category__news__page__14"=>"/category/news/page/14/", "__category__news__page__18"=>"/category/news/page/18/", "__category__news__page__15"=>"/category/news/page/15/", "__category__news__page__16"=>"/category/news/page/16/", "__category__news__page__17"=>"/category/news/page/17/", "__2012__09__leetgion-hellion-mouse-review"=>"/2012/09/leetgion-hellion-mouse-review/", "__category__keyboards__page__7"=>"/category/keyboards/page/7/", "__category__keyboards__page__9"=>"/category/keyboards/page/9/", "__category__keyboards__page__8"=>"/category/keyboards/page/8/", "__category__keyboards__page__10"=>"/category/keyboards/page/10/", "__2012__10__qwerkeys-key-caps-review"=>"/2012/10/qwerkeys-key-caps-review/", "__2012__07__razer-announce-new-blackwidow-2013-keyboard-range"=>"/2012/07/razer-announce-new-blackwidow-2013-keyboard-range/", "__2012__09__wasd-key-caps"=>"/2012/09/wasd-key-caps/", "__2011__08__razer-announce-battlefield-3-gear"=>"/2011/08/razer-announce-battlefield-3-gear/", "__category__keyboards__page__11"=>"/category/keyboards/page/11/", "__2011__06__qpad-mk-80-mechanical-keyboard"=>"/2011/06/qpad-mk-80-mechanical-keyboard/", "__2011__06__mionix-zibal-60-keyboard"=>"/2011/06/mionix-zibal-60-keyboard/", "__category__reviews__page__7"=>"/category/reviews/page/7/", "__category__reviews__page__8"=>"/category/reviews/page/8/", "__category__reviews__page__9"=>"/category/reviews/page/9/", "__category__reviews__page__10"=>"/category/reviews/page/10/", "__category__reviews__page__18"=>"/category/reviews/page/18/", "__category__reviews__page__11"=>"/category/reviews/page/11/", "__category__reviews__page__14"=>"/category/reviews/page/14/", "__category__reviews__page__15"=>"/category/reviews/page/15/", "__category__reviews__page__16"=>"/category/reviews/page/16/", "__category__reviews__page__17"=>"/category/reviews/page/17/", "__2012__06__steelseries-announces-new-csgo"=>"/2012/06/steelseries-announces-new-csgo/", "__2012__06__steelseries-annouce-senei-mlg-edition"=>"/2012/06/steelseries-annouce-senei-mlg-edition/", "__2012__08__razer-kraken-pro-coming-soon"=>"/2012/08/razer-kraken-pro-coming-soon/", "__2012__08__steelseries-siberia-v2-headset"=>"/2012/08/steelseries-siberia-v2-headset/", "__2012__01__qpad-mk-85-video-review"=>"/2012/01/qpad-mk-85-video-review/", "__2012__02__steelseries-5hv2-review-2"=>"/2012/02/steelseries-5hv2-review-2/", "__2012__06__tt-esports-saphira-mouse-review"=>"/2012/06/tt-esports-saphira-mouse-review/", "__2012__06__tt-esports-theron-mouse-unboxing"=>"/2012/06/tt-esports-theron-mouse-unboxing/", "__2012__06__roccat-kone-xtd-coming-soon"=>"/2012/06/roccat-kone-xtd-coming-soon/", "__2012__03__roccat-announce-power-grid"=>"/2012/03/roccat-announce-power-grid/", "__2011__12__roccat-announce-taito-mouse-pad-in-new-sizes"=>"/2011/12/roccat-announce-taito-mouse-pad-in-new-sizes/", "__2012__05__good-deal-steelseries-sensei"=>"/2012/05/good-deal-steelseries-sensei/", "__2012__07__qpad-5k-le-mouse-review"=>"/2012/07/qpad-5k-le-mouse-review/", "__2012__04__zowie-am-unboxing"=>"/2012/04/zowie-am-unboxing/", "__2012__08__cooler-master-elite-120-advanced-review"=>"/2012/08/cooler-master-elite-120-advanced-review/", "__2012__07__qpad-5k-le-mouse-unboxing"=>"/2012/07/qpad-5k-le-mouse-unboxing/", "__2012__07__msi-z77-gd65-unboxing"=>"/2012/07/msi-z77-gd65-unboxing/", "__2012__01__steelseries-announce-3-new-gaming-mice"=>"/2012/01/steelseries-announce-3-new-gaming-mice/", "__2012__07__sound-blaster-recon-3d-unboxing"=>"/2012/07/sound-blaster-recon-3d-unboxing/", "__2012__06__tt-esports-saphira-mouse-unboxing"=>"/2012/06/tt-esports-saphira-mouse-unboxing/", "__2012__06__cm-storm-quickfire-pro-keyboard-unboxing"=>"/2012/06/cm-storm-quickfire-pro-keyboard-unboxing/", "__2011__12__qpad-mk-85-keyboard-unboxing"=>"/2011/12/qpad-mk-85-keyboard-unboxing/", "__2012__08__lian-li-z60-case-review"=>"/2012/08/lian-li-z60-case-review/", "__2012__07__bitfenix-alchemy-cables-unboxing"=>"/2012/07/bitfenix-alchemy-cables-unboxing/", "__2012__03__steelseries-kinzu-v2-review"=>"/2012/03/steelseries-kinzu-v2-review/", "__2011__10__qpad-om-75-mouse-review"=>"/2011/10/qpad-om-75-mouse-review/", "__2011__09__qpad-om-75-video-review"=>"/2011/09/qpad-om-75-video-review/", "__2012__02__corsair-m60-unboxing"=>"/2012/02/corsair-m60-unboxing/", "__2011__10__logitech-announce-mw3-edition-keyboard"=>"/2011/10/logitech-announce-mw3-edition-keyboard/", "__2012__04__cooler-master-release-haf-xm"=>"/2012/04/cooler-master-release-haf-xm/", "__2012__08__razer-announce-deathstalker-keyboard"=>"/2012/08/razer-announce-deathstalker-keyboard/", "__2011__12__cherry-mx-red-vs-cherry-mx-blue-switches"=>"/2011/12/cherry-mx-red-vs-cherry-mx-blue-switches/", "__author__davey__page__2"=>"/author/davey/page/2/", "__2012__05__bitfen"=>"/2012/05/bitfen/", "__2012__06__introducing-the-zowie-cm-series"=>"/2012/06/introducing-the-zowie-cm-series/", "__2011__10__zowie-announce-divina"=>"/2011/10/zowie-announce-divina/", "__2011__11__introducing-the-zowie-am"=>"/2011/11/introducing-the-zowie-am/", "__2012__08__leetgion-hellion-unboxing"=>"/2012/08/leetgion-hellion-unboxing/", "__2012__08__cm-storm-announce-recon-mouse"=>"/2012/08/cm-storm-announce-recon-mouse/", "__2012__01__razer-announce-the-naga-hex-gaming-mouse"=>"/2012/01/razer-announce-the-naga-hex-gaming-mouse/", "__2011__08__blackwidow-stealth"=>"/2011/08/blackwidow-stealth/", "__2012__06__cm-storm-sentinel-advance-2-review"=>"/2012/06/cm-storm-sentinel-advance-2-review/", "__2011__08__steelseries-legendary"=>"/2011/08/steelseries-legendary/", "__2012__02__steelseries-kinzu-v2-unboxing"=>"/2012/02/steelseries-kinzu-v2-unboxing/", "__2011__08__new-razer-mice"=>"/2011/08/new-razer-mice/", "__2011__12__cm-storm-xornet-video-unboxing"=>"/2011/12/cm-storm-xornet-video-unboxing/", "__2012__01__synapse-by-razer"=>"/2012/01/synapse-by-razer/", "__2011__09__corsair-release-keyboards-and-mice"=>"/2011/09/corsair-release-keyboards-and-mice/", "__2012__08__kingston-launches-hyperx-predator-ram"=>"/2012/08/kingston-launches-hyperx-predator-ram/", "__2012__08__corsair-buys-raptor-gaming"=>"/2012/08/corsair-buys-raptor-gaming/", "__2012__08__coolermaster-announce-eisberg-prestige-cooling"=>"/2012/08/coolermaster-announce-eisberg-prestige-cooling/", "__category__news__page__12"=>"/category/news/page/12/", "__category__news__page__13"=>"/category/news/page/13/", "__2012__09__cm-storm-announce-the-scout-2-case"=>"/2012/09/cm-storm-announce-the-scout-2-case/", "__2011__07__steel"=>"/2011/07/steel/", "__2011__12__gamersedge-bf3-server"=>"/2011/12/gamersedge-bf3-server/", "__top-10__top-10-keyboards"=>"/top-10/top-10-keyboards", "__top-10-keyboards"=>"/top-10-keyboards/", "__2012__06__cm-storm-quickfire-pro-video-review"=>"/2012/06/cm-storm-quickfire-pro-video-review/", "__2011__09__zowie-celeritas-video-review"=>"/2011/09/zowie-celeritas-video-review/", "__2011__09__zowie-celeritas-review"=>"/2011/09/zowie-celeritas-review/", "__2011__09__qpad-mk-80-keyboard-video-review"=>"/2011/09/qpad-mk-80-keyboard-video-review/", "__2012__11__kingston-480gb-3k-ssd-review"=>"/2012/11/kingston-480gb-3k-ssd-review/", "__2012__09__his7870"=>"/2012/09/his7870/", "__category__reviews__page__12"=>"/category/reviews/page/12/", "__category__reviews__page__13"=>"/category/reviews/page/13/", "__wp-content__uploads__2012__01__steelseries-13.jpeg"=>"/wp-content/uploads/2012/01/steelseries-13.jpeg", "__2012__08__i46"=>"/2012/08/i46/"}